domain,tier1_id,tier2_id
travel.aol.com,"IAB28","IAB28-19"
huffingtonpost.com,"IAB16","IAB16-11"
bing.com,"IAB26","IAB26-14"
zone.msn.com,"IAB29","IAB29-2"
shopping.aol.com,"IAB23","IAB23-5"
weather.aol.com,"IAB22","IAB22-10"
sports.yahoo.com,"IAB24",
uk.mail.yahoo.com,"IAB26","IAB26-14"
mail.aol.com,"IAB26","IAB26-14"
uk.news.yahoo.com,"IAB16","IAB16-10"
fr.sports.yahoo.com,"IAB24","IAB24-18"
aol.com,"IAB16","IAB16-10"
moviefone.com,"IAB14","IAB14-9"
tw.news.yahoo.com,"IAB16","IAB16-10"
frontier.yahoo.com,"IAB16","IAB16-10"
movies.yahoo.com,"IAB14","IAB14-9"
ca.yahoo.com,"IAB16","IAB16-10"
baseball.fantasysports.yahoo.com,"IAB24","IAB24-3"
chinese.engadget.com,"IAB26","IAB26-1"
huffpost.com,"IAB16","IAB16-10"
n.rivals.com,"IAB24","IAB24-1"
tw.mall.yahoo.com,"IAB23","IAB23-5"
yahoo.click108.com.tw,"IAB21","IAB21-1"
currently.att.yahoo.com,"IAB16","IAB16-10"
crunchbase.com,"IAB3","IAB3-12"
espanol.yahoo.com,"IAB16","IAB16-10"
news.yahoo.co.jp,"IAB16","IAB16-10"
money.yahoo.com,"IAB17","IAB17-4"
yahoo.co.jp,"IAB16","IAB16-10"
br.yahoo.com,"IAB26","IAB26-14"
ca.news.yahoo.com,"IAB16","IAB16-10"
huffingtonpost.jp,"IAB16","IAB16-10"
au.style.yahoo.com,"IAB25","IAB25-4"
edh.tw,"IAB13",
huffingtonpost.kr,"IAB16","IAB16-10"
tw.usedcar.yahoo.com,"IAB2","IAB2-3"
br.vida-estilo.yahoo.com,"IAB16",
br.financas.yahoo.com,"IAB16","IAB16-10"
finance.yahoo.com,"IAB3","IAB3-1"
w.main.welcomescreen.aol.com,"IAB16","IAB16-10"
ca.finance.yahoo.com,"IAB3","IAB3-1"
wmconnect.com,"IAB16","IAB16-10"
id.yahoo.com,"IAB26","IAB26-14"
br.noticias.yahoo.com,"IAB16","IAB16-10"
compuserve.com,"IAB16","IAB16-10"
es-us.deportes.yahoo.com,"IAB24","IAB24-18"
intheknow.com,"IAB10","IAB10-6"
yahooshopping.myguide.hk,"IAB27","IAB27-8"
hk.celebrity.yahoo.com,"IAB19","IAB19-1"
remixsearch.net,"IAB15","IAB15-6"
adrecover.com,"IAB3","IAB3-8"
readtokyorevengers.net,"IAB11","IAB11-10"
adaptmx.com,"IAB3","IAB3-8"
comick.fun,"IAB11","IAB11-10"
mangaeffect.com,"IAB1","IAB1-1"
pandrama.com,"IAB27","IAB27-8"
sharethrough.com,"IAB3","IAB3-8"
olevod.com,"IAB27","IAB27-8"
montevideo.com.uy,"IAB16","IAB16-9"
naruldonghua.com,"IAB1","IAB1-1"
manhwaz.com,"IAB11","IAB11-10"
readmha.com,"IAB11","IAB11-10"
leercapitulo.com,"IAB11","IAB11-10"
enhance.co.jp,"IAB3","IAB3-8"
manga4life.com,"IAB1","IAB1-1"
freewebnovel.com,"IAB1",
yoturkish.com,"IAB27","IAB27-8"
papayads.net,"IAB3","IAB3-8"
servicecentrelist.com,"IAB26","IAB26-8"
irtvs24.com,"IAB26","IAB26-14"
revnewdigital.com,"IAB3","IAB3-8"
mapion.co.jp,"IAB26","IAB26-14"
risecodes.com,"IAB3","IAB3-8"
aps.com,"IAB3","IAB3-2"
fulllengthaudiobooks.com,"IAB1",
alphacute.com,"IAB19","IAB19-1"
moneyonthestreet.com,"IAB17","IAB17-7"
mangaforest.com,"IAB11","IAB11-10"
thedailyhaze.com,"IAB16",
adnimation.com,"IAB3","IAB3-8"
globo.com,"IAB16","IAB16-10"
tagged.com,"IAB7","IAB7-1"
cults3d.com,"IAB26","IAB26-6"
funnyjunk.com,"IAB1","IAB1-4"
cooking4all.com,"IAB9","IAB9-12"
usssa.com,"IAB24",
crazydaysandnights.net,"IAB19","IAB19-3"
mangaclash.com,"IAB11","IAB11-10"
britannica.com,"IAB5",
dailymotion.com,"IAB27","IAB27-8"
go.ramforumz.com,"IAB2","IAB2-3"
merriam.com,"IAB5","IAB5-11"
go.subaruforester.org,"IAB2","IAB2-3"
microsoftcasualgames.com,"IAB29","IAB29-2"
tomsguide.com,"IAB26","IAB26-8"
mako.co.il,"IAB16","IAB16-10"
go.hyundai-forums.com,"IAB2","IAB2-4"
genius.com,"IAB15",
spanishdict.com,"IAB5","IAB5-11"
cbssports.com,"IAB24",
emmikochteinfach.de,"IAB9","IAB9-12"
buzzfeed.com,"IAB19","IAB19-1"
mobalytics.gg,"IAB29","IAB29-7"
go.vwvortex.com,"IAB12","IAB12-5"
speedtest.net,"IAB26","IAB26-7"
outdoorrevival.com,"IAB6","IAB6-11"
cardgames.io,"IAB11","IAB11-6"
thesun.co.uk,"IAB16","IAB16-10"
marmiton.org,"IAB9","IAB9-12"
fanrecap.com,"IAB24",
eluniversal.com.mx,"IAB16","IAB16-10"
photopea.com,"IAB26","IAB26-27"
gumtree.com,"IAB23","IAB23-5"
signupgenius.com,"IAB26","IAB26-24"
sudoku.com,"IAB11","IAB11-4"
maxroll.gg,"IAB29","IAB29-7"
ladbible.com,"IAB19","IAB19-2"
biblegateway.com,"IAB21","IAB21-5"
mumsnet.com,"IAB7","IAB7-5"
merkur.de,"IAB16","IAB16-10"
legacy.com,"IAB16","IAB16-2"
apnews.com,"IAB16","IAB16-10"
dailymail.com,"IAB16","IAB16-10"
vecernji.hr,"IAB16","IAB16-10"
ign.com,"IAB29","IAB29-7"
bbcgoodfood.com,"IAB9","IAB9-12"
webmd.com,"IAB13",
amomama.com,"IAB19","IAB19-1"
fr.de,"IAB16","IAB16-10"
uol.com.br,"IAB16","IAB16-10"
independent.co.uk,"IAB16","IAB16-10"
zerogpt.com,"IAB26","IAB26-1"
web.de,"IAB16","IAB16-10"
infobae.com,"IAB16","IAB16-10"
gbnews.com,"IAB16","IAB16-10"
physicsandmathstutor.com,"IAB5","IAB5-9"
focus.de,"IAB16","IAB16-10"
cbsnews.com,"IAB16","IAB16-10"
cnet.com,"IAB26","IAB26-12"
wallstreet-online.de,"IAB3","IAB3-1"
crosswordclub.com,"IAB11","IAB11-4"
doctissimo.fr,"IAB13","IABnull"
24sata.hr,"IAB16","IAB16-9"
vanitatis.elconfidencial.com,"IAB19","IAB19-1"
mediotiempo.com,"IAB24","IAB24-18"
index.hr,"IAB16","IAB16-10"
cargurus.com,"IAB2","IAB2-3"
chatib.us,"IAB7","IAB7-1"
dailypassport.com,"IAB28",
climatempo.com.br,"IAB22","IAB22-10"
klix.ba,"IAB16","IAB16-10"
sport.de,"IAB24","IAB24-18"
mail1.libero.it,"IAB26","IAB26-14"
the-sun.com,"IAB16","IAB16-10"
20min.ch,"IAB16","IAB16-10"
bustednewspaper.com,"IAB30","IAB30-1"
pcgamer.com,"IAB29","IAB29-10"
motor1.com,"IAB2","IAB2-4"
word.tips,"IAB11","IAB11-4"
n12.co.il,"IAB16","IAB16-10"
rtings.com,"IAB23","IAB23-2"
tyla.com,"IAB19","IAB19-1"
timesofindia.indiatimes.com,"IAB16","IAB16-10"
milb.com,"IAB24","IAB24-3"
kurir.rs,"IAB16","IAB16-10"
coolmathgames.com,"IAB29","IAB29-2"
betterreport.com,"IAB10",
motherhoodlifebalance.com,"IAB7","IAB7-5"
goal.com,"IAB24","IAB24-18"
deadline.com,"IAB1",
grazia.fr,"IAB25","IAB25-4"
sportskeeda.com,"IAB24",
go.tractor.com,"IAB1","IAB1-4"
sciencealert.com,"IAB22",
elconfidencial.com,"IAB16","IAB16-10"
pink.rs,"IAB16","IAB16-10"
thedailybeast.com,"IAB16","IAB16-11"
op.gg,"IAB29","IAB29-7"
metropoles.com,"IAB16","IAB16-10"
express.co.uk,"IAB16","IAB16-10"
tsn.ua,"IAB16","IAB16-10"
variety.com,"IAB1",
newsweek.com,"IAB16","IAB16-10"
unian.ua,"IAB16","IAB16-10"
worldatlas.com,"IAB22","IAB22-6"
collider.com,"IAB14","IAB14-9"
stocktwits.com,"IAB3","IAB3-7"
hna.de,"IAB16","IAB16-9"
horoscope.com,"IAB22","IAB22-1"
watson.ch,"IAB16","IAB16-10"
wikihow.com,"IAB5",
cronista.com,"IAB16","IAB16-4"
malteskitchen.de,"IAB9","IAB9-12"
geoguessr.com,"IAB29","IAB29-2"
in.mail.yahoo.com,"IAB26","IAB26-14"
beebom.com,"IAB26","IAB26-14"
boston.com,"IAB16","IAB16-9"
ilfattoquotidiano.it,"IAB16","IAB16-10"
larazon.es,"IAB16","IAB16-10"
edhrec.com,"IAB11","IAB11-29"
hurriyet.com.tr,"IAB16","IAB16-10"
bustimes.org,"IAB28",
wenxuecity.com,"IAB16","IAB16-10"
sozcu.com.tr,"IAB16","IAB16-10"
khaleejtimes.com,"IAB16","IAB16-7"
filmstarts.de,"IAB14",
futura-sciences.com,"IAB22",
lesnumeriques.com,"IAB26","IAB26-8"
ladepeche.fr,"IAB16","IAB16-9"
hotnews.ro,"IAB16","IAB16-11"
worldstar.com,"IAB19","IAB19-4"
thesaurus.com,"IAB5","IAB5-11"
familydestinationsguide.com,"IAB28","IAB28-6"
sinoptik.ua,"IAB22","IAB22-10"
lanacion.com.ar,"IAB16","IAB16-10"
drudgereport.com,"IAB16","IAB16-10"
motorsport.com,"IAB24","IAB24-2"
mapgenie.io,"IAB29","IAB29-7"
sain-et-naturel.ouest-france.fr,"IAB22","IAB22-4"
gamestar.de,"IAB29","IAB29-7"
libero.it,"IAB16","IAB16-10"
arkadium.com,"IAB29","IAB29-2"
thewrap.com,"IAB1",
finviz.com,"IAB17","IAB17-11"
space.com,"IAB22","IAB22-9"
scitechdaily.com,"IAB22",
worldle.teuteuf.fr,"IAB29","IAB29-2"
mister.mundodeportivo.com,"IAB24","IAB24-14"
globes.co.il,"IAB3","IAB3-1"
netmums.com,"IAB7","IAB7-5"
go.diymobileaudio.com,"IAB2","IAB2-4"
dealnews.com,"IAB23","IAB23-2"
investing.com,"IAB17","IAB17-7"
jutarnji.hr,"IAB16","IAB16-10"
virgilio.it,"IAB16","IAB16-9"
hollywoodreporter.com,"IAB1",
boredpanda.com,"IAB19","IAB19-4"
clickpetroleoegas.com.br,"IAB16","IAB16-4"
yourdictionary.com,"IAB5",
aljazeera.com,"IAB16","IAB16-7"
m.tvspielfilm.de,"IAB27","IAB27-8"
gamingbible.com,"IAB29","IAB29-7"
theshot.com,"IAB14","IAB14-9"
someecards.com,"IAB1","IAB1-4"
fortune.com,"IAB3","IAB3-1"
tomshardware.com,"IAB26","IAB26-6"
healthyglam.net,"IAB10","IAB10-4"
radio-south-africa.co.za,"IAB15",
oilprice.com,"IAB3","IAB3-1"
notebookcheck.com,"IAB26","IAB26-8"
marqueur.com,"IAB24","IAB24-14"
tvinsider.com,"IAB27",
b92.net,"IAB16","IAB16-10"
adorocinema.com,"IAB14",
sportingnews.com,"IAB24",
nw.de,"IAB16","IAB16-9"
wheelofnames.com,"IAB26","IAB26-24"
20minutos.es,"IAB16","IAB16-10"
spox.com,"IAB24","IAB24-18"
wetteronline.de,"IAB22","IAB22-10"
ocregister.com,"IAB16","IAB16-9"
dictionary.com,"IAB5","IAB5-11"
nova.rs,"IAB16","IAB16-11"
online-stopwatch.com,"IAB26","IAB26-24"
knowt.com,"IAB5","IAB5-9"
rightmove.co.uk,"IAB20","IAB20-3"
adnkronos.com,"IAB16","IAB16-10"
ukr.net,"IAB16","IAB16-10"
freegames.org,"IAB29","IAB29-2"
rollingstone.com,"IAB15",
bubbleshooter.net,"IAB29","IAB29-2"
sporcle.com,"IAB11","IAB11-4"
feathermc.com,"IAB29","IAB29-7"
radio-espana.es,"IAB15",
thingiverse.com,"IAB26","IAB26-18"
heute.at,"IAB16","IAB16-10"
sciencedaily.com,"IAB22",
gamepro.de,"IAB29","IAB29-7"
scrabble.merriam.com,"IAB11","IAB11-4"
gulfnews.com,"IAB16","IAB16-7"
nigella.com,"IAB9","IAB9-12"
playfootball.games,"IAB29","IAB29-2"
polygon.com,"IAB29","IAB29-7"
baseball-reference.com,"IAB24","IAB24-3"
levante-emv.com,"IAB16","IAB16-9"
loudersound.com,"IAB15","IAB15-12"
hip2save.com,"IAB23","IAB23-1"
elmundo.es,"IAB16","IAB16-10"
foodtalkdaily.com,"IAB9","IAB9-12"
houseoutlook.com,"IAB12","IAB12-5"
hockeydb.com,"IAB24",
timesofisrael.com,"IAB16","IAB16-7"
m.sport5.co.il,"IAB24","IAB24-18"
unilad.com,"IAB16","IAB16-10"
kprofiles.com,"IAB1","IAB1-3"
click2houston.com,"IAB16","IAB16-9"
clickondetroit.com,"IAB16","IAB16-9"
wattpad.com,"IAB1",
haaretz.co.il,"IAB16","IAB16-7"
radio-uk.co.uk,"IAB15",
pokemondb.net,"IAB29","IAB29-7"
lejournaldelamaison.fr,"IAB12","IAB12-7"
cyclinguptodate.com,"IAB24","IAB24-10"
azcentral.com,"IAB16","IAB16-9"
buchstaben.com,"IAB5","IAB5-11"
de.motor1.com,"IAB2","IAB2-4"
nmas.com.mx,"IAB16","IAB16-10"
w3schools.com,"IAB26","IAB26-27"
news.walla.co.il,"IAB16","IAB16-10"
eldebate.com,"IAB16","IAB16-11"
financenemo.com,"IAB3","IAB3-1"
jamilacuisine.ro,"IAB9","IAB9-12"
libertatea.ro,"IAB16","IAB16-10"
gazzetta.it,"IAB24","IAB24-18"
programme-tv.net,"IAB27",
calciomercato.com,"IAB24","IAB24-18"
denverpost.com,"IAB16","IAB16-9"
leparisien.fr,"IAB16","IAB16-10"
seattletimes.com,"IAB16","IAB16-9"
bibamagazine.fr,"IAB25","IAB25-9"
indiandefencereview.com,"IAB16","IAB16-10"
bluestacks.com,"IAB26","IAB26-24"
record.pt,"IAB24","IAB24-18"
pause-maison.ouest-france.fr,"IAB12","IAB12-4"
smithsonianmag.com,"IAB16","IAB16-10"
saltandlavender.com,"IAB9","IAB9-12"
sportsport.ba,"IAB24","IAB24-18"
detroitnews.com,"IAB16","IAB16-9"
cnnbrasil.com.br,"IAB16","IAB16-10"
positivebloom.com,"IAB12","IAB12-4"
labyrinthos.co,"IAB21","IAB21-1"
chip.de,"IAB26","IAB26-8"
cbr.com,"IAB1",
netflu.com.br,"IAB24","IAB24-18"
thecozycook.com,"IAB9","IAB9-12"
tamingtwins.com,"IAB9","IAB9-12"
mein-mmo.de,"IAB29","IAB29-7"
aljazeera.net,"IAB16","IAB16-7"
publico.pt,"IAB16","IAB16-10"
games.usatoday.com,"IAB29","IAB29-2"
tz.de,"IAB16","IAB16-9"
picrew.me,"IAB8","IAB8-5"
flyordie.com,"IAB29","IAB29-7"
blitz.gg,"IAB29","IAB29-7"
diariodopeixe.com.br,"IAB24","IAB24-18"
inquirer.com,"IAB16","IAB16-9"
brightside.me,"IAB19","IAB19-4"
sciencepost.fr,"IAB22",
topclassactions.com,"IAB30","IAB30-2"
new22-abc.es,"IAB16","IAB16-6"
cuisineaz.com,"IAB9","IAB9-12"
vegoutmag.com,"IAB9","IAB9-13"
carscoops.com,"IAB2","IAB2-3"
mundodeportivo.com,"IAB24","IAB24-18"
hola.com,"IAB19","IAB19-1"
newsit.gr,"IAB16","IAB16-10"
bloggingtheboys.com,"IAB24","IAB24-1"
chess.com,"IAB11","IAB11-7"
fotocasa.es,"IAB20","IAB20-3"
wordfinder.yourdictionary.com,"IAB11","IAB11-4"
maxpreps.com,"IAB24",
chileautos.cl,"IAB2","IAB2-3"
screenrant.com,"IAB1",
doodle.com,"IAB26","IAB26-24"
ansa.it,"IAB16","IAB16-10"
travelquiz.com,"IAB28",
infojobs.com.br,"IAB4","IAB4-3"
thedodo.com,"IAB18",
livescience.com,"IAB22",
3bmeteo.com,"IAB22","IAB22-10"
rhymezone.com,"IAB5","IAB5-11"
basketball-reference.com,"IAB24","IAB24-4"
go.swellinfo.com,"IAB1","IAB1-4"
wordhippo.com,"IAB5","IAB5-11"
fantrax.com,"IAB24","IAB24-14"
guitarworld.com,"IAB11","IAB11-15"
redesigndaily.com,"IAB12","IAB12-7"
missyusa.com,"IAB7","IAB7-5"
tunein.com,"IAB15",
hotcars.com,"IAB2","IAB2-4"
mlb.com,"IAB24","IAB24-3"
probuilds.net,"IAB29","IAB29-7"
finanznachrichten.de,"IAB3","IAB3-1"
gp.se,"IAB16","IAB16-9"
marie-claire.es,"IAB25","IAB25-4"
theverge.com,"IAB26","IAB26-14"
eenadu.net,"IAB16","IAB16-10"
synonymer.se,"IAB5","IAB5-11"
rmf.fm,"IAB15",
clickorlando.com,"IAB16","IAB16-9"
worldofsolitaire.com,"IAB29","IAB29-2"
futbol-11.com,"IAB29","IAB29-2"
evite.com,"IAB6",
ksat.com,"IAB16","IAB16-9"
paycalculator.com.au,"IAB17","IAB17-4"
sapo.pt,"IAB16","IAB16-10"
famousbirthdays.com,"IAB19","IAB19-1"
shopgoodwill.com,"IAB23","IAB23-5"
lindependant.fr,"IAB16","IAB16-9"
greatergood.com,"IAB6","IAB6-8"
cope.es,"IAB16","IAB16-10"
timeout.com,"IAB28","IAB28-19"
ntvspor.net,"IAB24","IAB24-18"
dailygalaxy.com,"IAB22","IAB22-9"
gazetaexpress.com,"IAB16","IAB16-7"
cifraclub.com.br,"IAB15",
mobileapp.mako.co.il,"IAB16","IAB16-10"
mondaymandala.com,"IAB5","IAB5-10"
news4jax.com,"IAB16","IAB16-9"
vitablo.de,"IAB29","IAB29-10"
nydailynews.com,"IAB16","IAB16-9"
9gag.com,"IAB1","IAB1-4"
horseracingnation.com,"IAB24","IAB24-21"
eluniverso.com,"IAB16","IAB16-9"
onedio.com,"IAB19","IAB19-2"
rynekzdrowia.pl,"IAB13",
hellopeter.com,"IAB23","IAB23-2"
mondo.rs,"IAB16","IAB16-9"
topsante.com,"IAB13","IAB13-23"
citationmachine.net,"IAB5","IAB5-9"
dictionary.cambridge.org,"IAB5","IAB5-11"
radio-en-ligne.fr,"IAB15",
kooora.com,"IAB24","IAB24-18"
9news.com,"IAB16","IAB16-9"
ksl.com,"IAB16","IAB16-9"
dziennik.pl,"IAB16","IAB16-10"
dk-kogebogen.dk,"IAB9","IAB9-12"
travelreveal.com,"IAB28",
invoice-generator.com,"IAB3","IAB3-4"
mahjong.com,"IAB29","IAB29-2"
abola.pt,"IAB24","IAB24-18"
prideofdetroit.com,"IAB24","IAB24-1"
twoplayergames.org,"IAB29","IAB29-2"
atv.com.tr,"IAB27","IAB27-4"
recetasdecocina.elmundo.es,"IAB9","IAB9-12"
nemzetisport.hu,"IAB24","IAB24-18"
sports.walla.co.il,"IAB24",
bigblueview.com,"IAB24","IAB24-1"
amomama.de,"IAB16","IAB16-1"
insideevs.com,"IAB2","IAB2-10"
slate.com,"IAB16","IAB16-10"
moviepilot.de,"IAB14",
tokyvideo.com,"IAB27","IAB27-8"
wa.de,"IAB16","IAB16-9"
veja.abril.com.br,"IAB16","IAB16-11"
news.amomama.com,"IAB19","IAB19-1"
netvasco.com.br,"IAB24","IAB24-18"
thedrive.com,"IAB2","IAB2-4"
tigerdroppings.com,"IAB24","IAB24-1"
come-on.de,"IAB16","IAB16-9"
edition.cnn.com,"IAB16","IAB16-10"
tennisrecord.com,"IAB24","IAB24-35"
housely.com,"IAB12",
toutelatele.ouest-france.fr,"IAB27",
libertaddigital.com,"IAB16","IAB16-11"
worldanimalfoundation.org,"IAB18",
ilgiornale.it,"IAB16","IAB16-10"
programiz.com,"IAB26","IAB26-20"
winknews.com,"IAB16","IAB16-9"
corrieredellosport.it,"IAB24",
portalspozywczy.pl,"IAB9",
auto-motor-und-sport.de,"IAB2","IAB2-3"
elpais.com,"IAB16","IAB16-10"
police1.com,"IAB30","IAB30-3"
seatmaps.com,"IAB28","IAB28-3"
wrestlingheadlines.com,"IAB24",
worldjournal.com,"IAB16","IAB16-7"
mercurynews.com,"IAB16","IAB16-9"
viajar.elperiodico.com,"IAB28",
kreiszeitung.de,"IAB16","IAB16-9"
mic.com,"IAB16","IAB16-10"
deseret.com,"IAB16","IAB16-9"
pockettactics.com,"IAB29","IAB29-8"
noticiasdenavarra.com,"IAB16","IAB16-9"
cagesideseats.com,"IAB24","IAB24-38"
midilibre.fr,"IAB16","IAB16-9"
goldprice.org,"IAB17","IAB17-7"
websudoku.com,"IAB11","IAB11-4"
365scores.com,"IAB24",
net-empregos.com,"IAB4","IAB4-3"
fantasypros.com,"IAB24","IAB24-14"
woman.elperiodico.com,"IAB25","IAB25-9"
geeksforgeeks.org,"IAB5","IAB5-5"
todamateria.com.br,"IAB5","IAB5-9"
wweek.com,"IAB16","IAB16-9"
derniereheureqc.com,"IAB16","IAB16-9"
13tv.co.il,"IAB27","IAB27-8"
simplehomeedit.com,"IAB9","IAB9-12"
vlr.gg,"IAB29","IAB29-5"
abendzeitung-muenchen.de,"IAB16","IAB16-9"
milenio.com,"IAB16","IAB16-10"
pomofocus.io,"IAB26","IAB26-24"
wdrb.com,"IAB16","IAB16-9"
milliyet.com.tr,"IAB16","IAB16-10"
lifeintheuktestweb.co.uk,"IAB5","IAB5-1"
cincinnati.com,"IAB16","IAB16-9"
championselect.net,"IAB29","IAB29-7"
humanornot.so,"IAB26","IAB26-1"
behindthesteelcurtain.com,"IAB24","IAB24-1"
thevegnish.com,"IAB9","IAB9-13"
blog.giallozafferano.it,"IAB9","IAB9-12"
jigsawplanet.com,"IAB11","IAB11-4"
forums.redflagdeals.com,"IAB23","IAB23-2"
otempo.com.br,"IAB16","IAB16-9"
thedirect.com,"IAB27","IAB27-8"
sondakika.com,"IAB16","IAB16-10"
f1i.autojournal.fr,"IAB24","IAB24-2"
listindiario.com,"IAB16","IAB16-10"
sky.com,"IAB27","IAB27-8"
therealfooddietitians.com,"IAB9","IAB9-12"
gamerant.com,"IAB29","IAB29-7"
quoka.de,"IAB23","IAB23-5"
xda-developers.com,"IAB26","IAB26-6"
trademe.co.nz,"IAB23","IAB23-5"
m.soundcloud.com,"IAB15",
thedailymeal.com,"IAB9","IAB9-12"
deia.eus,"IAB16","IAB16-9"
lne.es,"IAB16","IAB16-9"
pt.besoccer.com,"IAB24","IAB24-18"
sammobile.com,"IAB26","IAB26-17"
batterypower.com,"IAB24","IAB24-3"
noticiasaominuto.com,"IAB16","IAB16-10"
elnacional.cat,"IAB16","IAB16-9"
mocospace.com,"IAB7","IAB7-1"
bunte.de,"IAB19","IAB19-1"
petapixel.com,"IAB8","IAB8-8"
gamesradar.com,"IAB29","IAB29-7"
portalsamorzadowy.pl,"IAB16","IAB16-9"
fr.mail.yahoo.com,"IAB26","IAB26-14"
archidekt.com,"IAB29","IAB29-7"
thesun.ie,"IAB16","IAB16-10"
signup.com,"IAB26","IAB26-24"
eltiempo.com,"IAB16","IAB16-10"
thegamer.com,"IAB29","IAB29-7"
manmadediy.com,"IAB12","IAB12-5"
chess-results.com,"IAB11","IAB11-7"
cnn.com,"IAB16","IAB16-10"
metatft.com,"IAB29","IAB29-7"
paddock-gp.com,"IAB24","IAB24-25"
autojournal.fr,"IAB2","IAB2-4"
farmhouseonboone.com,"IAB9","IAB9-12"
icd10data.com,"IAB13",
itatiaia.com.br,"IAB16","IAB16-10"
mathrubhumi.com,"IAB16","IAB16-10"
stroller-envy.com,"IAB7","IAB7-5"
soccernews.nl,"IAB24","IAB24-18"
eldiario.es,"IAB16","IAB16-10"
sandiegouniontribune.com,"IAB16","IAB16-9"
arrowheadpride.com,"IAB24","IAB24-1"
tinygardenhabit.com,"IAB12","IAB12-4"
rolimons.com,"IAB29","IAB29-7"
pravda.com.ua,"IAB16","IAB16-10"
gpblog.com,"IAB24","IAB24-2"
lancasteronline.com,"IAB16","IAB16-9"
nymag.com,"IAB16","IAB16-10"
crosswordsolver.org,"IAB11","IAB11-4"
mein-schoener-garten.de,"IAB12","IAB12-4"
mynet.com,"IAB16","IAB16-10"
unotv.com,"IAB16","IAB16-10"
topspeed.com,"IAB2","IAB2-4"
theobjective.com,"IAB16","IAB16-11"
tupi.fm,"IAB16","IAB16-9"
silverscreenandroll.com,"IAB24","IAB24-4"
agrarheute.com,"IAB3","IAB3-1"
lowellsun.com,"IAB16","IAB16-9"
origo.hu,"IAB16","IAB16-10"
barstoolsports.com,"IAB24",
recetafacill.com,"IAB9","IAB9-12"
amomama.es,"IAB19","IAB19-1"
la.lv,"IAB16","IAB16-10"
imgur.com,"IAB1","IAB1-4"
vinted.pl,"IAB23","IAB23-5"
bostonherald.com,"IAB16","IAB16-9"
themarker.com,"IAB3","IAB3-1"
myfamilytravels.com,"IAB28","IAB28-12"
poder360.com.br,"IAB16","IAB16-11"
psychologies.com,"IAB13","IAB13-28"
cityam.com,"IAB3","IAB3-1"
bleedinggreennation.com,"IAB24","IAB24-1"
weightlossgroove.com,"IAB10","IAB10-8"
vnexpress.net,"IAB16","IAB16-10"
univision.com,"IAB16","IAB16-7"
capital.fr,"IAB3","IAB3-1"
fupa.net,"IAB24","IAB24-18"
gardeningknowhow.com,"IAB12","IAB12-4"
vandal.elespanol.com,"IAB29","IAB29-7"
homestratosphere.com,"IAB12","IAB12-7"
walla.co.il,"IAB16","IAB16-10"
110min.de,"IAB27","IAB27-8"
wordreference.com,"IAB5","IAB5-11"
die-frau-am-grill.de,"IAB9","IAB9-12"
radio-danmark.dk,"IAB15",
mopo.de,"IAB16","IAB16-9"
maizenbrew.com,"IAB24","IAB24-1"
hotcopper.com.au,"IAB17","IAB17-7"
aov-news.com,"IAB29","IAB29-7"
theanimalrescuesite.com,"IAB18",
lauralaurentiu.ro,"IAB9","IAB9-12"
waseigenes.com,"IAB9","IAB9-12"
vinted.dk,"IAB23","IAB23-5"
stockanalysis.com,"IAB17","IAB17-7"
radio-italiane.it,"IAB15",
homeviable.com,"IAB9","IAB9-12"
skysports.com,"IAB24","IAB24-18"
astrology.com,"IAB22","IAB22-1"
wort-suchen.de,"IAB11","IAB11-4"
happyinshape.com,"IAB10","IAB10-3"
online-solitaire.com,"IAB29","IAB29-2"
statbroadcast.com,"IAB24",
purepeople.com.br,"IAB19","IAB19-1"
ndmais.com.br,"IAB16","IAB16-9"
insideevs.de,"IAB2","IAB2-10"
flightconnections.com,"IAB28","IAB28-3"
patspulpit.com,"IAB24","IAB24-1"
football365.fr,"IAB24","IAB24-18"
lolalytics.com,"IAB29","IAB29-7"
leckerschmecker.me,"IAB9","IAB9-12"
ciscos.biz,"IAB26","IAB26-1"
niezalezna.pl,"IAB16","IAB16-11"
coches.net,"IAB2","IAB2-3"
voici.fr,"IAB19","IAB19-1"
robbreport.com,"IAB23","IAB23-4"
linguee.com,"IAB5","IAB5-11"
makeuseof.com,"IAB26","IAB26-24"
kochkarussell.com,"IAB9","IAB9-12"
sun-sentinel.com,"IAB16","IAB16-9"
thechunkychef.com,"IAB9","IAB9-12"
app.howdidido.com,"IAB24","IAB24-20"
textnow.com,"IAB26","IAB26-17"
thesimplifydaily.com,"IAB17","IAB17-4"
12tomatoes.com,"IAB9","IAB9-12"
tvguia.es,"IAB27",
hockey30.com,"IAB24",
radio-en-vivo.mx,"IAB15",
classifieds.ksl.com,"IAB23","IAB23-5"
m.playbasket.it,"IAB24","IAB24-4"
kitco.com,"IAB17","IAB17-7"
tangerinezest.com,"IAB9","IAB9-12"
spotrac.com,"IAB24",
itexamanswers.net,"IAB5","IAB5-5"
whowhatwear.com,"IAB25","IAB25-4"
volleytalk.proboards.com,"IAB24","IAB24-37"
ecouter-en-direct.com,"IAB15",
pets4homes.co.uk,"IAB18","IAB18-4"
threadcurve.com,"IAB25","IAB25-4"
yummix.fr,"IAB9","IAB9-12"
whio.com,"IAB16","IAB16-9"
healthline.com,"IAB13",
king5.com,"IAB16","IAB16-9"
chilipeppermadness.com,"IAB9","IAB9-12"
tmj4.com,"IAB16","IAB16-9"
buffalorumblings.com,"IAB24","IAB24-1"
sports-reference.com,"IAB24",
bustle.com,"IAB25","IAB25-1"
terra.com.br,"IAB16","IAB16-10"
sportmediaset.mediaset.it,"IAB24","IAB24-18"
medicalnewstoday.com,"IAB13",
sports.fr,"IAB24",
radio-osterreich.at,"IAB15",
destinationlesstravel.com,"IAB28",
247solitaire.com,"IAB11","IAB11-6"
eltiempo.es,"IAB22","IAB22-10"
index.hu,"IAB16","IAB16-11"
meteored.mx,"IAB22","IAB22-10"
askchefdennis.com,"IAB9","IAB9-12"
aufeminin.com,"IAB25","IAB25-9"
avclub.com,"IAB19","IAB19-2"
morelimedia.com,"IAB19","IAB19-1"
cyclingnews.com,"IAB24","IAB24-10"
op-online.de,"IAB16","IAB16-9"
eatwell101.com,"IAB9","IAB9-12"
pausette.fr,"IAB19","IAB19-1"
lavanguardia.com,"IAB16","IAB16-10"
cyclingweekly.com,"IAB24","IAB24-10"
tuttocampo.it,"IAB24","IAB24-18"
delfi.ee,"IAB16","IAB16-10"
janespatisserie.com,"IAB9","IAB9-6"
gardentabs.com,"IAB12","IAB12-4"
kicker.de,"IAB24","IAB24-18"
paws.greatergood.com,"IAB18","IAB18-7"
jsonformatter.org,"IAB26","IAB26-24"
optionsprofitcalculator.com,"IAB17","IAB17-9"
markt.de,"IAB23","IAB23-5"
wfmz.com,"IAB16","IAB16-9"
amomeupet.org,"IAB18",
kristineskitchenblog.com,"IAB9","IAB9-12"
smart-rechner.de,"IAB3","IAB3-10"
pcgamesn.com,"IAB29","IAB29-10"
naslovi.net,"IAB16","IAB16-10"
chinatimes.com,"IAB16","IAB16-10"
laurasbakery.nl,"IAB9","IAB9-12"
tameteo.com,"IAB22","IAB22-10"
billboard.com,"IAB15",
closermag.fr,"IAB19","IAB19-1"
hibridosyelectricos.com,"IAB2","IAB2-10"
njuskalo.hr,"IAB23","IAB23-5"
de.marketscreener.com,"IAB3","IAB3-1"
runnersworld.de,"IAB24","IAB24-36"
tuasaude.com,"IAB13",
soaps.sheknows.com,"IAB27","IAB27-4"
perfectgame.org,"IAB24","IAB24-3"
solitaire.net,"IAB29","IAB29-2"
sport5.co.il,"IAB24","IAB24-18"
awfulannouncing.com,"IAB16","IAB16-13"
musicradar.com,"IAB15",
eurogamer.net,"IAB29","IAB29-7"
dilei.it,"IAB25","IAB25-9"
purepeople.com,"IAB19","IAB19-1"
zdnet.com,"IAB26",
actu.voici.fr,"IAB19","IAB19-1"
ondemandkorea.com,"IAB27","IAB27-8"
silverandblackpride.com,"IAB24","IAB24-1"
celticsblog.com,"IAB24","IAB24-4"
theeverygirl.com,"IAB25","IAB25-9"
carbuzz.com,"IAB2","IAB2-4"
fotomac.com.tr,"IAB24","IAB24-18"
dawgsbynature.com,"IAB24","IAB24-1"
m.economictimes.com,"IAB3","IAB3-1"
actu.femmeactuelle.fr,"IAB25","IAB25-9"
finance.walla.co.il,"IAB3","IAB3-1"
thesalarycalculator.co.uk,"IAB17","IAB17-4"
mindgames.com,"IAB11","IAB11-4"
radio-polska.pl,"IAB15",
espreso.co.rs,"IAB16","IAB16-10"
indiewire.com,"IAB14","IAB14-9"
marieclaire.com,"IAB25","IAB25-4"
gourmandiseries.fr,"IAB9","IAB9-12"
jcpenney.com,"IAB23","IAB23-5"
wfaa.com,"IAB16","IAB16-9"
visa-algerie.com,"IAB28","IAB28-3"
milesplit.com,"IAB24","IAB24-36"
ambito.com,"IAB3","IAB3-1"
newrepublic.com,"IAB16","IAB16-11"
mobile.mako.co.il,"IAB16","IAB16-10"
canaltech.com.br,"IAB26","IAB26-14"
cucinaconmegraziellaeraffaele.it,"IAB9","IAB9-12"
heraldo.es,"IAB16","IAB16-9"
m.n12.co.il,"IAB16","IAB16-10"
miss7.24sata.hr,"IAB25","IAB25-4"
hindustantimes.com,"IAB16","IAB16-10"
kentonline.co.uk,"IAB16","IAB16-9"
paginamea.net,"IAB27","IAB27-5"
windycitygridiron.com,"IAB24","IAB24-1"
allocine.fr,"IAB14",
carlsbadcravings.com,"IAB9","IAB9-12"
tradingeconomics.com,"IAB3","IAB3-3"
realityblurb.com,"IAB27","IAB27-5"
play2048.co,"IAB29","IAB29-2"
ca.mail.yahoo.com,"IAB26","IAB26-14"
denoffentlige.dk,"IAB16","IAB16-10"
fitandwell.com,"IAB10","IAB10-3"
gry-online.pl,"IAB29","IAB29-7"
savorynothings.com,"IAB9","IAB9-12"
essentiallysports.com,"IAB24",
forums.hfboards.com,"IAB24",
cumhuriyet.com.tr,"IAB16","IAB16-10"
imagecolorpicker.com,"IAB26","IAB26-27"
preview-elcorreo.com,"IAB16","IAB16-9"
mandiner.hu,"IAB16","IAB16-10"
songsterr.com,"IAB15","IAB15-19"
sweetcraftrecipes.com,"IAB9","IAB9-6"
noticiasdatv.uol.com.br,"IAB27","IAB27-5"
simpleflying.com,"IAB28","IAB28-3"
cmjornal.pt,"IAB16","IAB16-10"
demotivateur.fr,"IAB19","IAB19-2"
247sports.com,"IAB24",
fieldgulls.com,"IAB24","IAB24-1"
wildbirdscoop.com,"IAB11","IAB11-3"
donna.fidelityhouse.eu,"IAB10","IAB10-9"
hoerzu.de,"IAB27",
rockpapershotgun.com,"IAB29","IAB29-10"
wwd.com,"IAB25","IAB25-4"
yumelise.fr,"IAB9","IAB9-12"
the-express.com,"IAB16","IAB16-10"
wp.pl,"IAB16","IAB16-10"
schwaebische.de,"IAB16","IAB16-9"
standard.co.uk,"IAB16","IAB16-9"
squaredle.app,"IAB11","IAB11-4"
f1mania.net,"IAB24","IAB24-2"
racingnews365.com,"IAB24","IAB24-2"
koktips.se,"IAB9","IAB9-12"
ontvtonight.com,"IAB27","IAB27-8"
soester-anzeiger.de,"IAB16","IAB16-9"
radio-nederland.nl,"IAB15",
eastbaytimes.com,"IAB16","IAB16-9"
travel.yahoo.com,"IAB28",
ted.com,"IAB5",
ezgif.com,"IAB26","IAB26-27"
moneydigest.com,"IAB17","IAB17-4"
4fansites.de,"IAB29","IAB29-7"
go.powerstroke.org,"IAB2","IAB2-3"
wthr.com,"IAB16","IAB16-9"
videopoker.com,"IAB29","IAB29-2"
holidaycheck.de,"IAB28","IAB28-13"
aristeguinoticias.com,"IAB16","IAB16-10"
fextralife.com,"IAB29","IAB29-7"
autoevolution.com,"IAB2","IAB2-4"
twitchy.com,"IAB16","IAB16-11"
livewellbakeoften.com,"IAB9","IAB9-6"
lanuovasardegna.it,"IAB16","IAB16-9"
pensador.com,"IAB1",
neurosciencenews.com,"IAB22","IAB22-2"
krosno112.pl,"IAB16","IAB16-9"
bostonglobe.com,"IAB16","IAB16-9"
wcpo.com,"IAB16","IAB16-9"
monjardinmamaison.maison-travaux.fr,"IAB12","IAB12-4"
diariodocentrodomundo.com.br,"IAB16","IAB16-11"
elfinanciero.com.mx,"IAB16","IAB16-4"
sportsmockery.com,"IAB24",
ruhr24.de,"IAB16","IAB16-9"
histoiresroyales.fr,"IAB16","IAB16-10"
go.paddling.com,"IAB28","IAB28-10"
atv.hu,"IAB16","IAB16-11"
digitalcameraworld.com,"IAB26","IAB26-4"
hellhades.com,"IAB29","IAB29-13"
laopiniondemurcia.es,"IAB16","IAB16-9"
rotowire.com,"IAB24","IAB24-14"
willyweather.com,"IAB22","IAB22-10"
preview-diariosur.es,"IAB16","IAB16-9"
new22-laverdad.es,"IAB16","IAB16-9"
new22-todoalicante.es,"IAB16","IAB16-9"
new22-elnortedecastilla.es,"IAB16","IAB16-9"
new22-lasprovincias.es,"IAB16","IAB16-9"
preview-hoy.es,"IAB16","IAB16-9"
preview-eldiariomontanes.es,"IAB16","IAB16-9"
new22-elcomercio.es,"IAB16","IAB16-9"
origin2-justjared.com,"IAB19","IAB19-3"
new22-salamancahoy.es,"IAB16","IAB16-9"
preview-abc.es,"IAB16","IAB16-6"
preview.fool.com,"IAB17","IAB17-7"
test-tiempo.com,"IAB26","IAB26-9"
stgmoneycontrol.com,"IAB3","IAB3-1"
cf-vagas.com.br,"IAB4","IAB4-3"
dev-songfacts.com,"IAB15",
epg-sued-klack.de,"IAB27",
